-- phpMyAdmin SQL Dump
-- version 5.2.1
-- https://www.phpmyadmin.net/
--
-- Servidor: 127.0.0.1
-- Tiempo de generación: 16-03-2026 a las 01:23:37
-- Versión del servidor: 10.4.32-MariaDB
-- Versión de PHP: 8.0.30

SET SQL_MODE = "NO_AUTO_VALUE_ON_ZERO";
START TRANSACTION;
SET time_zone = "+00:00";


/*!40101 SET @OLD_CHARACTER_SET_CLIENT=@@CHARACTER_SET_CLIENT */;
/*!40101 SET @OLD_CHARACTER_SET_RESULTS=@@CHARACTER_SET_RESULTS */;
/*!40101 SET @OLD_COLLATION_CONNECTION=@@COLLATION_CONNECTION */;
/*!40101 SET NAMES utf8mb4 */;

--
-- Base de datos: `amazonmusic`
--

-- --------------------------------------------------------

--
-- Estructura de tabla para la tabla `artistas`
--

CREATE TABLE `artistas` (
  `id_artista` int(11) NOT NULL,
  `nombre` varchar(100) NOT NULL
) ENGINE=InnoDB DEFAULT CHARSET=utf8mb4 COLLATE=utf8mb4_general_ci;

--
-- Volcado de datos para la tabla `artistas`
--

INSERT INTO `artistas` (`id_artista`, `nombre`) VALUES
(1, 'Rex Orange County'),
(2, 'Frank Ocean\r\n'),
(3, 'Daniel Caesar\r\n');

-- --------------------------------------------------------

--
-- Estructura de tabla para la tabla `artista_canciones`
--

CREATE TABLE `artista_canciones` (
  `id_artista` int(11) NOT NULL,
  `id_cancion` int(11) NOT NULL
) ENGINE=InnoDB DEFAULT CHARSET=utf8mb4 COLLATE=utf8mb4_general_ci;

--
-- Volcado de datos para la tabla `artista_canciones`
--

INSERT INTO `artista_canciones` (`id_artista`, `id_cancion`) VALUES
(1, 3),
(3, 2),
(2, 1);

-- --------------------------------------------------------

--
-- Estructura de tabla para la tabla `canciones`
--

CREATE TABLE `canciones` (
  `id_canciones` int(11) NOT NULL,
  `nombre_de_la_cancion` varchar(100) NOT NULL,
  `duracion` time(6) NOT NULL
) ENGINE=InnoDB DEFAULT CHARSET=utf8mb4 COLLATE=utf8mb4_general_ci;

--
-- Volcado de datos para la tabla `canciones`
--

INSERT INTO `canciones` (`id_canciones`, `nombre_de_la_cancion`, `duracion`) VALUES
(1, 'Sunflower', '00:04:00.000000'),
(2, 'Pyramids', '00:04:10.000000'),
(3, 'Always', '00:30:00.991000');

-- --------------------------------------------------------

--
-- Estructura de tabla para la tabla `cancion_genero`
--

CREATE TABLE `cancion_genero` (
  `id_canciones` int(11) NOT NULL,
  `id_genero` int(11) NOT NULL
) ENGINE=InnoDB DEFAULT CHARSET=utf8mb4 COLLATE=utf8mb4_general_ci;

--
-- Volcado de datos para la tabla `cancion_genero`
--

INSERT INTO `cancion_genero` (`id_canciones`, `id_genero`) VALUES
(1, 3),
(3, 2),
(2, 1);

-- --------------------------------------------------------

--
-- Estructura de tabla para la tabla `favoritos`
--

CREATE TABLE `favoritos` (
  `id_usuario` int(11) NOT NULL,
  `id_cancion` int(11) NOT NULL
) ENGINE=InnoDB DEFAULT CHARSET=utf8mb4 COLLATE=utf8mb4_general_ci;

--
-- Volcado de datos para la tabla `favoritos`
--

INSERT INTO `favoritos` (`id_usuario`, `id_cancion`) VALUES
(4, 1),
(5, 2),
(6, 3);

-- --------------------------------------------------------

--
-- Estructura de tabla para la tabla `generos`
--

CREATE TABLE `generos` (
  `id_generos` int(11) NOT NULL,
  `nombre` varchar(50) NOT NULL
) ENGINE=InnoDB DEFAULT CHARSET=utf8mb4 COLLATE=utf8mb4_general_ci;

--
-- Volcado de datos para la tabla `generos`
--

INSERT INTO `generos` (`id_generos`, `nombre`) VALUES
(1, 'Bedroom Pop'),
(2, 'RandB'),
(3, 'Alternativo');

-- --------------------------------------------------------

--
-- Estructura de tabla para la tabla `membresia`
--

CREATE TABLE `membresia` (
  `id_membresia` int(11) NOT NULL,
  `nombre` varchar(50) NOT NULL,
  `precio` int(11) NOT NULL
) ENGINE=InnoDB DEFAULT CHARSET=utf8mb4 COLLATE=utf8mb4_general_ci;

--
-- Volcado de datos para la tabla `membresia`
--

INSERT INTO `membresia` (`id_membresia`, `nombre`, `precio`) VALUES
(1, 'Plan Gratuito', 0),
(2, 'Plan Premium', 100),
(3, 'Plan Gold Plus', 300);

-- --------------------------------------------------------

--
-- Estructura de tabla para la tabla `playlist`
--

CREATE TABLE `playlist` (
  `id_playlist` int(11) NOT NULL,
  `nombre` varchar(100) NOT NULL,
  `n_canciones` int(11) NOT NULL,
  `duracion_playlist` time(6) NOT NULL,
  `id_usuario` int(11) NOT NULL
) ENGINE=InnoDB DEFAULT CHARSET=utf8mb4 COLLATE=utf8mb4_general_ci;

--
-- Volcado de datos para la tabla `playlist`
--

INSERT INTO `playlist` (`id_playlist`, `nombre`, `n_canciones`, `duracion_playlist`, `id_usuario`) VALUES
(4, 'Canciones De Los 90s\r\n', 3, '09:29:29.999999', 4),
(5, 'Cumbias Para Programar', 1, '50:00:00.000001', 5),
(6, 'Canciones Tristes', 2, '44:28:26.458449', 6);

-- --------------------------------------------------------

--
-- Estructura de tabla para la tabla `playlist_canciones`
--

CREATE TABLE `playlist_canciones` (
  `id_playlist` int(11) NOT NULL,
  `id_cancion` int(11) NOT NULL
) ENGINE=InnoDB DEFAULT CHARSET=utf8mb4 COLLATE=utf8mb4_general_ci;

--
-- Volcado de datos para la tabla `playlist_canciones`
--

INSERT INTO `playlist_canciones` (`id_playlist`, `id_cancion`) VALUES
(4, 1),
(5, 2),
(6, 3);

-- --------------------------------------------------------

--
-- Estructura de tabla para la tabla `usuarios`
--

CREATE TABLE `usuarios` (
  `id_usuario` int(11) NOT NULL,
  `nombre` varchar(100) NOT NULL,
  `id_membresia` int(11) NOT NULL
) ENGINE=InnoDB DEFAULT CHARSET=utf8mb4 COLLATE=utf8mb4_general_ci;

--
-- Volcado de datos para la tabla `usuarios`
--

INSERT INTO `usuarios` (`id_usuario`, `nombre`, `id_membresia`) VALUES
(4, 'Luis', 1),
(5, 'Arturo', 2),
(6, 'Daniel', 3);

--
-- Índices para tablas volcadas
--

--
-- Indices de la tabla `artistas`
--
ALTER TABLE `artistas`
  ADD PRIMARY KEY (`id_artista`);

--
-- Indices de la tabla `artista_canciones`
--
ALTER TABLE `artista_canciones`
  ADD KEY `id_artista` (`id_artista`),
  ADD KEY `id_cancion` (`id_cancion`);

--
-- Indices de la tabla `canciones`
--
ALTER TABLE `canciones`
  ADD PRIMARY KEY (`id_canciones`);

--
-- Indices de la tabla `cancion_genero`
--
ALTER TABLE `cancion_genero`
  ADD KEY `id_canciones` (`id_canciones`),
  ADD KEY `id_genero` (`id_genero`);

--
-- Indices de la tabla `favoritos`
--
ALTER TABLE `favoritos`
  ADD KEY `id_usuario` (`id_usuario`),
  ADD KEY `id_cancion` (`id_cancion`);

--
-- Indices de la tabla `generos`
--
ALTER TABLE `generos`
  ADD PRIMARY KEY (`id_generos`);

--
-- Indices de la tabla `membresia`
--
ALTER TABLE `membresia`
  ADD PRIMARY KEY (`id_membresia`);

--
-- Indices de la tabla `playlist`
--
ALTER TABLE `playlist`
  ADD PRIMARY KEY (`id_playlist`),
  ADD KEY `id_usuario` (`id_usuario`);

--
-- Indices de la tabla `playlist_canciones`
--
ALTER TABLE `playlist_canciones`
  ADD KEY `id_playlist` (`id_playlist`),
  ADD KEY `id_cancion` (`id_cancion`);

--
-- Indices de la tabla `usuarios`
--
ALTER TABLE `usuarios`
  ADD PRIMARY KEY (`id_usuario`),
  ADD KEY `id_membresia` (`id_membresia`);

--
-- AUTO_INCREMENT de las tablas volcadas
--

--
-- AUTO_INCREMENT de la tabla `artistas`
--
ALTER TABLE `artistas`
  MODIFY `id_artista` int(11) NOT NULL AUTO_INCREMENT, AUTO_INCREMENT=4;

--
-- AUTO_INCREMENT de la tabla `canciones`
--
ALTER TABLE `canciones`
  MODIFY `id_canciones` int(11) NOT NULL AUTO_INCREMENT, AUTO_INCREMENT=4;

--
-- AUTO_INCREMENT de la tabla `generos`
--
ALTER TABLE `generos`
  MODIFY `id_generos` int(11) NOT NULL AUTO_INCREMENT, AUTO_INCREMENT=4;

--
-- AUTO_INCREMENT de la tabla `membresia`
--
ALTER TABLE `membresia`
  MODIFY `id_membresia` int(11) NOT NULL AUTO_INCREMENT, AUTO_INCREMENT=4;

--
-- AUTO_INCREMENT de la tabla `playlist`
--
ALTER TABLE `playlist`
  MODIFY `id_playlist` int(11) NOT NULL AUTO_INCREMENT, AUTO_INCREMENT=7;

--
-- AUTO_INCREMENT de la tabla `usuarios`
--
ALTER TABLE `usuarios`
  MODIFY `id_usuario` int(11) NOT NULL AUTO_INCREMENT, AUTO_INCREMENT=7;

--
-- Restricciones para tablas volcadas
--

--
-- Filtros para la tabla `artista_canciones`
--
ALTER TABLE `artista_canciones`
  ADD CONSTRAINT `artista_canciones_ibfk_1` FOREIGN KEY (`id_artista`) REFERENCES `artistas` (`id_artista`),
  ADD CONSTRAINT `artista_canciones_ibfk_2` FOREIGN KEY (`id_cancion`) REFERENCES `canciones` (`id_canciones`);

--
-- Filtros para la tabla `cancion_genero`
--
ALTER TABLE `cancion_genero`
  ADD CONSTRAINT `cancion_genero_ibfk_1` FOREIGN KEY (`id_canciones`) REFERENCES `canciones` (`id_canciones`),
  ADD CONSTRAINT `cancion_genero_ibfk_2` FOREIGN KEY (`id_genero`) REFERENCES `generos` (`id_generos`);

--
-- Filtros para la tabla `favoritos`
--
ALTER TABLE `favoritos`
  ADD CONSTRAINT `favoritos_ibfk_1` FOREIGN KEY (`id_usuario`) REFERENCES `usuarios` (`id_usuario`),
  ADD CONSTRAINT `favoritos_ibfk_2` FOREIGN KEY (`id_cancion`) REFERENCES `canciones` (`id_canciones`);

--
-- Filtros para la tabla `playlist`
--
ALTER TABLE `playlist`
  ADD CONSTRAINT `playlist_ibfk_1` FOREIGN KEY (`id_usuario`) REFERENCES `usuarios` (`id_usuario`);

--
-- Filtros para la tabla `playlist_canciones`
--
ALTER TABLE `playlist_canciones`
  ADD CONSTRAINT `playlist_canciones_ibfk_1` FOREIGN KEY (`id_cancion`) REFERENCES `canciones` (`id_canciones`),
  ADD CONSTRAINT `playlist_canciones_ibfk_2` FOREIGN KEY (`id_playlist`) REFERENCES `playlist` (`id_playlist`);

--
-- Filtros para la tabla `usuarios`
--
ALTER TABLE `usuarios`
  ADD CONSTRAINT `usuarios_ibfk_1` FOREIGN KEY (`id_membresia`) REFERENCES `membresia` (`id_membresia`);
COMMIT;

/*!40101 SET CHARACTER_SET_CLIENT=@OLD_CHARACTER_SET_CLIENT */;
/*!40101 SET CHARACTER_SET_RESULTS=@OLD_CHARACTER_SET_RESULTS */;
/*!40101 SET COLLATION_CONNECTION=@OLD_COLLATION_CONNECTION */;
