-- phpMyAdmin SQL Dump
-- version 5.2.1
-- https://www.phpmyadmin.net/
--
-- Servidor: 127.0.0.1
-- Tiempo de generación: 02-03-2026 a las 06:57:11
-- Versión del servidor: 10.4.32-MariaDB
-- Versión de PHP: 8.0.30

SET SQL_MODE = "NO_AUTO_VALUE_ON_ZERO";
START TRANSACTION;
SET time_zone = "+00:00";


/*!40101 SET @OLD_CHARACTER_SET_CLIENT=@@CHARACTER_SET_CLIENT */;
/*!40101 SET @OLD_CHARACTER_SET_RESULTS=@@CHARACTER_SET_RESULTS */;
/*!40101 SET @OLD_COLLATION_CONNECTION=@@COLLATION_CONNECTION */;
/*!40101 SET NAMES utf8mb4 */;

--
-- Base de datos: `hotel2`
--

-- --------------------------------------------------------

--
-- Estructura de tabla para la tabla `atencion`
--

CREATE TABLE `atencion` (
  `id_atencion` int(11) NOT NULL,
  `id_reserva` int(11) NOT NULL,
  `id_empleado` int(11) NOT NULL,
  `fecha` date NOT NULL,
  `nota` varchar(100) NOT NULL
) ENGINE=InnoDB DEFAULT CHARSET=utf8mb4 COLLATE=utf8mb4_general_ci;

--
-- Volcado de datos para la tabla `atencion`
--

INSERT INTO `atencion` (`id_atencion`, `id_reserva`, `id_empleado`, `fecha`, `nota`) VALUES
(4, 3, 5, '2017-02-01', 'hermoso hotel 10/10'),
(5, 6, 4, '2026-02-18', 'Horrible hotel, me comi una cucaracha mientras dormia'),
(6, 4, 2, '2017-06-07', 'sin comentarios\r\n'),
(7, 5, 3, '2011-09-24', 'esta muy bonito, con sus enchancrizadas de desayuno y todo'),
(8, 2, 5, '2022-06-01', 'un hotel muy sigma');

-- --------------------------------------------------------

--
-- Estructura de tabla para la tabla `cliente`
--

CREATE TABLE `cliente` (
  `id_cliente` int(11) NOT NULL,
  `nombre` varchar(50) NOT NULL,
  `email` varchar(50) NOT NULL,
  `telefono` varchar(15) NOT NULL,
  `fecha_registro` date NOT NULL
) ENGINE=InnoDB DEFAULT CHARSET=utf8mb4 COLLATE=utf8mb4_general_ci;

--
-- Volcado de datos para la tabla `cliente`
--

INSERT INTO `cliente` (`id_cliente`, `nombre`, `email`, `telefono`, `fecha_registro`) VALUES
(1, 'gesnupi', 'bayunu@gmail.com', '672150739', '2025-10-21'),
(2, 'ibarra', 'elinge@gmail.com', '5392763850', '2026-02-09'),
(3, 'rochin', 'vivaeldiablo666@gmail.com', '6661236662', '2025-06-06'),
(4, 'mr tartaria', 'antartica@gmail.com', '4936581379', '2025-09-22'),
(5, 'eugenio torres', 'elkonan@gmail.com', '3572956082', '2025-10-13');

-- --------------------------------------------------------

--
-- Estructura de tabla para la tabla `empleado`
--

CREATE TABLE `empleado` (
  `id_empleado` int(11) NOT NULL,
  `id_hotel` int(11) NOT NULL,
  `nombre` varchar(50) NOT NULL,
  `puesto` varchar(50) NOT NULL,
  `email` varchar(50) NOT NULL
) ENGINE=InnoDB DEFAULT CHARSET=utf8mb4 COLLATE=utf8mb4_general_ci;

--
-- Volcado de datos para la tabla `empleado`
--

INSERT INTO `empleado` (`id_empleado`, `id_hotel`, `nombre`, `puesto`, `email`) VALUES
(1, 3, 'Martin', 'patron', 'martinsito@gmail.com'),
(2, 2, 'pepe', 'limpiador', 'elpepe@gmail.com'),
(3, 1, 'juan', 'asistente', 'juan123@gmail.com'),
(4, 2, 'chocobo', 'cocinero', 'chocobofeliz@gmail.com'),
(5, 1, 'dante', 'empleado', 'danteDMC@gmail.com');

-- --------------------------------------------------------

--
-- Estructura de tabla para la tabla `habitacion`
--

CREATE TABLE `habitacion` (
  `id_habitacion` int(11) NOT NULL,
  `id_hotel` int(11) NOT NULL,
  `numero` int(11) NOT NULL,
  `tipo` varchar(30) NOT NULL,
  `precio_noche` double NOT NULL,
  `estado` varchar(20) NOT NULL
) ENGINE=InnoDB DEFAULT CHARSET=utf8mb4 COLLATE=utf8mb4_general_ci;

--
-- Volcado de datos para la tabla `habitacion`
--

INSERT INTO `habitacion` (`id_habitacion`, `id_hotel`, `numero`, `tipo`, `precio_noche`, `estado`) VALUES
(1, 3, 666, 'satanica', 666666, 'desocupada'),
(2, 2, 123, 'vip', 1000000, 'ocupado'),
(3, 1, 783, 'sencila', 1000, 'ocupado'),
(4, 3, 730, 'infinita', 10000000000, 'desocupada'),
(5, 1, 777, 'angelical', 7777777, 'ocupada');

-- --------------------------------------------------------

--
-- Estructura de tabla para la tabla `hotel`
--

CREATE TABLE `hotel` (
  `id_hotel` int(11) NOT NULL,
  `nombre` varchar(100) NOT NULL,
  `ciudad` varchar(50) NOT NULL,
  `telefono` varchar(15) NOT NULL
) ENGINE=InnoDB DEFAULT CHARSET=utf8mb4 COLLATE=utf8mb4_general_ci;

--
-- Volcado de datos para la tabla `hotel`
--

INSERT INTO `hotel` (`id_hotel`, `nombre`, `ciudad`, `telefono`) VALUES
(1, 'hotel Trivago', 'Navojoa', '6672193471'),
(2, 'hotel Ryu', 'Mazatlan', '6832054681'),
(3, 'City Express', 'CDMX', '5552391789');

-- --------------------------------------------------------

--
-- Estructura de tabla para la tabla `pago`
--

CREATE TABLE `pago` (
  `id_pago` int(11) NOT NULL,
  `id_reserva` int(11) NOT NULL,
  `fecha_pago` date NOT NULL,
  `monto` int(11) NOT NULL,
  `metodo` varchar(100) NOT NULL,
  `referencia` varchar(100) NOT NULL,
  `estado_pago` varchar(100) NOT NULL
) ENGINE=InnoDB DEFAULT CHARSET=utf8mb4 COLLATE=utf8mb4_general_ci;

--
-- Volcado de datos para la tabla `pago`
--

INSERT INTO `pago` (`id_pago`, `id_reserva`, `fecha_pago`, `monto`, `metodo`, `referencia`, `estado_pago`) VALUES
(1, 6, '2026-03-05', 10, 'en centavos', '7859480973', 'a medias\r\n'),
(2, 1, '1975-10-15', 20000, 'tarjeta', '18986747867', 'Sin Pagar\r\n'),
(3, 3, '2011-02-17', 676776767, 'doblones de oro', '8177627653', 'Liquidado'),
(4, 3, '1600-02-19', 1000, 'años de esclavitud', '11111111167', 'sin pagar'),
(5, 9, '2026-02-18', 50, 'tarjeta', '66666666667', 'sin pagar');

-- --------------------------------------------------------

--
-- Estructura de tabla para la tabla `reserva`
--

CREATE TABLE `reserva` (
  `id_reserva` int(11) NOT NULL,
  `id_cliente` int(11) NOT NULL,
  `id_habitacion` int(11) NOT NULL,
  `fecha_entrada` date NOT NULL,
  `fecha_salida` date NOT NULL,
  `num_huespedes` int(11) NOT NULL,
  `estado_reserva` varchar(20) NOT NULL,
  `fecha_creacion` date NOT NULL
) ENGINE=InnoDB DEFAULT CHARSET=utf8mb4 COLLATE=utf8mb4_general_ci;

--
-- Volcado de datos para la tabla `reserva`
--

INSERT INTO `reserva` (`id_reserva`, `id_cliente`, `id_habitacion`, `fecha_entrada`, `fecha_salida`, `num_huespedes`, `estado_reserva`, `fecha_creacion`) VALUES
(1, 3, 1, '2026-06-06', '2026-06-07', 666, 'vigente', '2026-02-06'),
(2, 4, 3, '2026-02-26', '2026-03-10', 2, 'vigente', '2026-01-12'),
(3, 1, 5, '2025-12-14', '2025-12-24', 4, 'expirado', '2025-12-01'),
(4, 2, 1, '2026-02-14', '2026-04-16', 1, 'no pagado', '2026-01-19'),
(5, 4, 4, '2025-02-01', '2030-03-26', 10000, 'vigente', '2025-01-01'),
(6, 3, 4, '2026-02-15', '2035-02-28', 1, 'vigente', '2026-01-27'),
(7, 5, 2, '2026-02-09', '2026-02-21', 24, 'vigente', '2026-01-20'),
(8, 3, 1, '2026-02-08', '2026-02-06', 21, 'reservado', '2025-12-18'),
(9, 5, 4, '2025-11-17', '2026-02-19', 1, 'reservado', '2026-01-11'),
(10, 1, 4, '2017-02-13', '2036-02-29', 1000000, 'vigente', '2016-02-01');

-- --------------------------------------------------------

--
-- Estructura de tabla para la tabla `reserva_servicio`
--

CREATE TABLE `reserva_servicio` (
  `id_reserva` int(11) NOT NULL,
  `id_servicio` int(11) NOT NULL,
  `cantidad` int(11) NOT NULL,
  `precio_unitario` int(11) NOT NULL
) ENGINE=InnoDB DEFAULT CHARSET=utf8mb4 COLLATE=utf8mb4_general_ci;

--
-- Volcado de datos para la tabla `reserva_servicio`
--

INSERT INTO `reserva_servicio` (`id_reserva`, `id_servicio`, `cantidad`, `precio_unitario`) VALUES
(4, 5, 5, 400000),
(7, 4, 100, 500),
(1, 1, 1000, 20),
(4, 2, 3, 100),
(7, 3, 150, 150),
(5, 5, 24, 100000),
(2, 2, 8, 200),
(4, 1, 113, 20),
(4, 4, 107, 500),
(3, 3, 1, 150);

-- --------------------------------------------------------

--
-- Estructura de tabla para la tabla `servicio`
--

CREATE TABLE `servicio` (
  `id_servicio` int(11) NOT NULL,
  `nombre` varchar(100) NOT NULL,
  `precio_base` int(11) NOT NULL
) ENGINE=InnoDB DEFAULT CHARSET=utf8mb4 COLLATE=utf8mb4_general_ci;

--
-- Volcado de datos para la tabla `servicio`
--

INSERT INTO `servicio` (`id_servicio`, `nombre`, `precio_base`) VALUES
(1, 'Viaje a las fiestas de pippy\r\n', 20),
(2, 'Sauna\r\n', 300),
(3, 'Alberca', 100),
(4, 'Desayuno', 500),
(5, 'tortas en la maquio', 60);

--
-- Índices para tablas volcadas
--

--
-- Indices de la tabla `atencion`
--
ALTER TABLE `atencion`
  ADD PRIMARY KEY (`id_atencion`),
  ADD KEY `id_empleado` (`id_empleado`),
  ADD KEY `id_reserva` (`id_reserva`);

--
-- Indices de la tabla `cliente`
--
ALTER TABLE `cliente`
  ADD PRIMARY KEY (`id_cliente`),
  ADD UNIQUE KEY `email` (`email`);

--
-- Indices de la tabla `empleado`
--
ALTER TABLE `empleado`
  ADD PRIMARY KEY (`id_empleado`),
  ADD KEY `id_hotel` (`id_hotel`);

--
-- Indices de la tabla `habitacion`
--
ALTER TABLE `habitacion`
  ADD PRIMARY KEY (`id_habitacion`),
  ADD KEY `id_hotel` (`id_hotel`);

--
-- Indices de la tabla `hotel`
--
ALTER TABLE `hotel`
  ADD PRIMARY KEY (`id_hotel`);

--
-- Indices de la tabla `pago`
--
ALTER TABLE `pago`
  ADD PRIMARY KEY (`id_pago`),
  ADD KEY `id_reserva` (`id_reserva`);

--
-- Indices de la tabla `reserva`
--
ALTER TABLE `reserva`
  ADD PRIMARY KEY (`id_reserva`),
  ADD KEY `id_cliente` (`id_cliente`),
  ADD KEY `id_habitacion` (`id_habitacion`);

--
-- Indices de la tabla `reserva_servicio`
--
ALTER TABLE `reserva_servicio`
  ADD KEY `id_reserva` (`id_reserva`),
  ADD KEY `id_servicio` (`id_servicio`);

--
-- Indices de la tabla `servicio`
--
ALTER TABLE `servicio`
  ADD PRIMARY KEY (`id_servicio`);

--
-- AUTO_INCREMENT de las tablas volcadas
--

--
-- AUTO_INCREMENT de la tabla `atencion`
--
ALTER TABLE `atencion`
  MODIFY `id_atencion` int(11) NOT NULL AUTO_INCREMENT, AUTO_INCREMENT=9;

--
-- AUTO_INCREMENT de la tabla `cliente`
--
ALTER TABLE `cliente`
  MODIFY `id_cliente` int(11) NOT NULL AUTO_INCREMENT, AUTO_INCREMENT=6;

--
-- AUTO_INCREMENT de la tabla `empleado`
--
ALTER TABLE `empleado`
  MODIFY `id_empleado` int(11) NOT NULL AUTO_INCREMENT, AUTO_INCREMENT=6;

--
-- AUTO_INCREMENT de la tabla `habitacion`
--
ALTER TABLE `habitacion`
  MODIFY `id_habitacion` int(11) NOT NULL AUTO_INCREMENT, AUTO_INCREMENT=6;

--
-- AUTO_INCREMENT de la tabla `hotel`
--
ALTER TABLE `hotel`
  MODIFY `id_hotel` int(11) NOT NULL AUTO_INCREMENT, AUTO_INCREMENT=4;

--
-- AUTO_INCREMENT de la tabla `pago`
--
ALTER TABLE `pago`
  MODIFY `id_pago` int(11) NOT NULL AUTO_INCREMENT, AUTO_INCREMENT=6;

--
-- AUTO_INCREMENT de la tabla `reserva`
--
ALTER TABLE `reserva`
  MODIFY `id_reserva` int(11) NOT NULL AUTO_INCREMENT, AUTO_INCREMENT=11;

--
-- AUTO_INCREMENT de la tabla `servicio`
--
ALTER TABLE `servicio`
  MODIFY `id_servicio` int(11) NOT NULL AUTO_INCREMENT, AUTO_INCREMENT=6;

--
-- Restricciones para tablas volcadas
--

--
-- Filtros para la tabla `atencion`
--
ALTER TABLE `atencion`
  ADD CONSTRAINT `atencion_ibfk_1` FOREIGN KEY (`id_empleado`) REFERENCES `empleado` (`id_empleado`),
  ADD CONSTRAINT `atencion_ibfk_2` FOREIGN KEY (`id_reserva`) REFERENCES `reserva` (`id_reserva`);

--
-- Filtros para la tabla `empleado`
--
ALTER TABLE `empleado`
  ADD CONSTRAINT `empleado_ibfk_1` FOREIGN KEY (`id_hotel`) REFERENCES `hotel` (`id_hotel`);

--
-- Filtros para la tabla `habitacion`
--
ALTER TABLE `habitacion`
  ADD CONSTRAINT `habitacion_ibfk_1` FOREIGN KEY (`id_hotel`) REFERENCES `hotel` (`id_hotel`);

--
-- Filtros para la tabla `pago`
--
ALTER TABLE `pago`
  ADD CONSTRAINT `pago_ibfk_1` FOREIGN KEY (`id_reserva`) REFERENCES `reserva` (`id_reserva`);

--
-- Filtros para la tabla `reserva`
--
ALTER TABLE `reserva`
  ADD CONSTRAINT `reserva_ibfk_1` FOREIGN KEY (`id_cliente`) REFERENCES `cliente` (`id_cliente`),
  ADD CONSTRAINT `reserva_ibfk_2` FOREIGN KEY (`id_habitacion`) REFERENCES `habitacion` (`id_habitacion`);

--
-- Filtros para la tabla `reserva_servicio`
--
ALTER TABLE `reserva_servicio`
  ADD CONSTRAINT `reserva_servicio_ibfk_1` FOREIGN KEY (`id_reserva`) REFERENCES `reserva` (`id_reserva`),
  ADD CONSTRAINT `reserva_servicio_ibfk_2` FOREIGN KEY (`id_servicio`) REFERENCES `servicio` (`id_servicio`);
COMMIT;

/*!40101 SET CHARACTER_SET_CLIENT=@OLD_CHARACTER_SET_CLIENT */;
/*!40101 SET CHARACTER_SET_RESULTS=@OLD_CHARACTER_SET_RESULTS */;
/*!40101 SET COLLATION_CONNECTION=@OLD_COLLATION_CONNECTION */;
